[
    {
        "id": 2,
        "name": "Yamaha Metallic Red e-guitar",
        "brand": "Yamaha",
        "release": "2022",
        "weight": "1 кг",
        "price": "125000",
        "image": "2_Screenshot 2025-11-19 170527.png"
    },
    {
        "id": 4,
        "name": "QIJUE Panigale S E-Moto",
        "brand": "QIJUE",
        "release": "2024",
        "weight": "165 кг",
        "price": "1 787 228",
        "image": "4_Screenshot 2025-11-19 171511.png"
    },
    {
        "id": 5,
        "name": "Canon EOS R6 Mark II",
        "brand": "Canon",
        "release": "2024",
        "weight": "1 кг",
        "price": "1 772 615",
        "image": "5_Screenshot 2025-11-19 171922.png"
    }
]